 Oil palm;48
 Palm oil;48
 Fruits;40
 Elaeis;37
 Indonesia;22
 Arecaceae;18
 Elaeis guineensis;17
 Forestry;17
 Sensors;15
 fruit;15
 plantation;13
 Remote sensing;12
 article;12
 Fruit;11
 Oil palm plantations;11
 Fruit ripeness;11
 growth, development and aging;10
 Carbon;9
 Southeast Asia;9
 chemistry;9
 Moisture;8
 Microwaves;8
 Malaysia;7
 greenhouse gas;7
 Fluorescence;7
 physiology;7
 vegetable oil;7
 metabolism;7
 Oil palm fruits;7
 Biomass;7
 Sustainable development;7
 Vegetable oils;6
 Infrared devices;6
 Moisture content;6
 Fruit maturity;6
 Inductive concepts;6
Elaeis;6
 Temperature;6
 Synthetic aperture radar;6
 Grading;6
 peatland;6
 biomass;6
 Chlorophyll;6
 Agriculture;6
 Rubber;6
 monocotyledon;6
 Spectroscopy;6
 plant leaf;5
 Spatial variability;5
 fruit production;5
 Sunda Isles;5
 spatial variation;5
 land use change;5
 Carbon dioxide;5
 Mangifera;5
 Plant Leaves;5
 Vegetation;5
 carbon;5
 nonhuman;5
 palm oil;5
 Image processing;5
 nitrous oxide;5
 methane;5
Agricultural robots;5
 Volatile organic compounds;5
 Greenhouse gases;5
Electronic nose;4
Carbon sequestration;4
 Greater Sunda Islands;4
 Gas emissions;4
 Wireless sensor networks;4
 Maturity stages;4
 Blending;4
Air coil;4
 methodology;4
 Spectrum analysis;4
 Borneo;4
 Field robotics;4
 tree;4
 biofuel;4
 Fresh fruits;4
 Harvesting;4
Capacitance;4
 Sumatra;4
 Wetlands;4
 Metals;4
 Citrus fruits;4
 carbon sequestration;4
 Methane;4
 Plants (botany);4
 Forecasting;4
 Malus x domestica;4
 Neural networks;4
 Prediction model;4
 Tropics;4
 Mapping;4
 Ethylene;4
 Natural frequencies;4
 Quality;4
 Inductive;4
 land cover;4
 Maturity classification;4
Image processing;4
 color;4
 Soil organic carbon;4
 Ghana;4
 Trees;4
 soil;4
 carbon dioxide;4
 computer program;4
 Monitoring and management;4
 Glucose;3
 Soybean oil;3
 vapor pressure;3
 Frequency characteristics;3
 Space-based radar;3
 Frequency characteristic;3
 Space optics;3
Climate change;3
 Chemical sensors;3
 Soil;3
 Soxhlet extraction;3
 Water absorption;3
 Starch;3
 Jambi [Indonesia];3
 Data acquisition;3
 GPS;3
 Gabon;3
 carbon emission;3
 climate change;3
 Hyperspectral imaging;3
 sustainable development;3
 Inductive sensors;3
 Mangifera indica;3
 Color;3
 HyperSpectral;3
 Vegetation index;3
 crop yield;3
 Coefficient of variation;3
 dry matter;3
 Viscosity;3
 Gas detectors;3
 spectroscopy;3
 Computer vision;3
 Water;3
 Land-cover change;3
 Sunflower oil;3
 Cultivation;3
 source-sink dynamics;3
 Light emitting diodes;3
 Storms;3
 Design and Development;3
 Light sources;3
 sustainability;3
 Gateways (computer networks);3
 Global warming;3
 maturation;3
 Oil palm waste;3
 Petroleum industry;3
 rubber;3
 Dielectric spectra;3
 Dielectric spectroscopy;3
 Models;3
 Physical characteristics;3
palm oil;3
 Rubber plantations;3
 Diesel fuels;3
 Polarimeters;3
 phenology;3
 Oil shale;3
 Microwave;3
 Ripening;3
 Ripeness;3
 fruit ripening;3
 Dry matter;3
 Environmental Monitoring;3
 Resonant frequency;3
 Microwave sensors;3
 Plant Oils;3
 Research;3
 Oil contents;3
 Plant Transpiration;3
 procedures;3
 Antennas;3
 Prunus persica;3
 PCA;3
 Asia;3
 RGB;3
 Mathematical models;3
 evapotranspiration;3
 nitrogen;3
 Maturity;3
 pH;3
 Article;3
Computer vision;3
 Dielectric properties;3
 Acids;3
 harvesting;3
 Electronic nose;3
 Sensor nodes;3
 Peat;3
 Drainage;3
 Non destructive;3
 flowering;3
 sampling;3
 Fibers;3
 land use;2
 Ethanol production;2
 land use planning;2
 chlorophyll;2
 Esters;2
 Eurasia;2
 lipid;2
 Gas sensing electrodes;2
 Environmental impact;2
 carbohydrate metabolism;2
 Elastic moduli;2
 nutrient dynamics;2
 angiosperm;2
 Electrodes;2
 Geophysics;2
 Electromagnetic shielding;2
 antioxidant;2
 apple;2
 Electronic nose (e-nose);2
 Genetic algorithms;2
 Electronic nose systems;2
 biodiversity;2
 biological model;2
 microwave radiation;2
 measurement;2
 Evanescent wave refractometer;2
 Empty fruit bunches;2
 Future perspectives;2
 estimation method;2
 industrial waste;2
 fertilizer;2
 forest;2
 food availability;2
 ecohydrology;2
 economic development;2
 fluorometry;2
 ecosystem;2
 fluorescence;2
 eddy covariance;2
 flower;2
 flooding;2
 Flowering;2
 experimental design;2
 imaging method;2
 evergreen tree;2
 Fragmentation;2
 Forests;2
 allometry;2
 Forest fragmentation index;2
 environmental impact;2
 environmental management;2
 Fluorometry;2
 evaluation study;2
 environmental policy;2
 evaluation;2
 Flavor;2
 forest ecosystem;2
 drought;2
 Flash points;2
 FTIR;2
 Faster R-CNN;2
 Fatty acid composition;2
 Fatty acids;2
 Fruitylicious;2
 confidentiality;2
 harvest;2
 greenhouse effect;2
 equipment;2
 gravimetry;2
 Fertilizing;2
 cultivar;2
 Fruit quality;2
 Fiber reinforced materials;2
 deciduous tree;2
 genetics;2
 deforestation;2
 Fruit development;2
 developmental biology;2
 Field measurement;2
 Filter selection;2
 dicotyledon;2
 drainage;2
 crop plant;2
 Total soluble solids;2
 agroforestry;2
 Riau;2
 Milling (machining);2
 Mineral resources;2
 Reinforcement;2
 Reinforced plastics;2
 Models, Biological;2
 Reforestation;2
 Moisture determination;2
 Reflection;2
 Molecular imprinted polymer (MIP);2
 Recent researches;2
 Monitoring;2
 Monitoring capabilities;2
 Radar imaging;2
 RGB pixel values;2
 RGB LED;2
 REDD+;2
 REDD;2
 Microwave moisture;2
 Rice bran oil;2
 Measurement system;2
 Microwave devices;2
 Mechanical properties;2
 Mesocarp;2
 Seasons;2
 Metal oxide gas sensors;2
 Metallic compounds;2
 Satellites;2
 Satellite sensors;2
 Satellite remote sensing;2
 MiRF(modified interval Random Frog);2
 Microcontrollers;2
 Microcrystalline cellulose;2
 Microorganisms;2
 Rubber latexes;2
 Rotation;2
 Roots;2
 Microwave absorbers;2
 Microwave absorbing materials;2
 Quality control;2
 NIR;2
 Quality Control;2
 Pyrus communis;2
 Phenolics;2
 Phenolic acids;2
 Olive oil;2
 Pear;2
 Peach;2
 Patient monitoring;2
 Operational areas;2
 Parthenocarpy;2
 Papua New Guinea;2
 Optical radar;2
 Palm oil mill effluents;2
 Palm oil empty fruit bunch;2
 Paddy;2
 Orange maturity;2
 Orbits;2
 Oxygen;2
 Organic acid;2
 Phenotypic plasticity;2
 Photosynthesis;2
 Photosynthetically active radiation;2
 Polypropylenes;2
 Properties;2
 Net primary productivity;2
 Network architecture;2
 Nitrogen;2
 Principal component analysis;2
 Nondestructive examination;2
 Nondestructive measurement;2
 Point measurement;2
 Oil palm ash;2
 Nutrients;2
 Plant Stems;2
 Oil extraction;2
 Pixels;2
 Piggyback;2
 Oil palm FFB;2
 Picking;2
 Sensitivity;2
 Sensory aids;2
 Yield mapping;2
 Hyperspectral;2
 Urban index;2
 Unmanned aerial vehicles (UAV);2
 Image quality;2
 Image segmentation;2
 Induction;2
 Tropical rain forest;2
 Tropical peat;2
 Inductive concept;2
 Tropical;2
 Inflorescence;2
 Transgene expression;2
 Effluent treatment;2
 Integrodifferential equations;2
 Tomato;2
 International (CO);2
 Thermoplastics;2
 Thermoplastic starch;2
 Vapor Pressure;2
 Hydrology;2
 Sentinel;2
 Husk tomato;2
 Green mould;2
 Wood density;2
 Wireless sensor network;2
 Groundwater;2
 Growth;2
 HPLC;2
 Hand-operated;2
 Hardness;2
 Hardwoods;2
 Water washing;2
 Hazards;2
 Heat transfer;2
 Heater;2
 Heating;2
 Volatile compounds;2
 Vitis vinifera;2
 Host acidification;2
 Ions;2
 Thermal degradation kinetics;2
 Theobroma cacao;2
 Texture;2
 Low-cost sensors;2
 Lycopersicon esculentum;2
 MATLAB;2
 Solar energy;2
 Machine design;2
 Machine learning;2
 Soil surveys;2
 Soil moisture;2
 Malus;2
 Site-specific management;2
 Mango volatiles;2
 Single polarization;2
 Manufacture;2
 Side-polished fibre;2
 Maturation;2
 Maturity levels;2
 Maturity stage;2
 Spatial resolution;2
 Logistic regression;2
 Local weather conditions;2
 Support vector machines;2
 Tenera;2
 LULC;2
 Land Use;2
 Land use;2
 Land use change;2
 Synthetic fuels;2
 Sustainable agriculture;2
 Sumatra , Indonesia;2
 Spectrometer;2
 Sugar (sucrose);2
 Subsidence;2
 Structural design;2
 Light penetration;2
 Light weight concrete;2
 Liquids;2
 Spectrometers;2
 Effluents;2
water;2
 plant stem;2
 Conventional methods;2
Antioxidants;2
 privacy;2
agricultural production;2
 Allometric equations;2
 Algorithms;2
Damage detection;2
 Disaster prevention;2
 pollination;2
 Disasters;2
Chlorophyll;2
 Deformation;2
 plantation forestry;2
 Color recognition;2
 standards;2
 starch;2
 yield response;2
 CST microwave studio;2
 Chlorine compounds;2
Carbon;2
Arduino;2
carbohydrate;2
carbon emission;2
carbon sequestration;2
Cameras;2
Artificial Neural Network;2
 physical chemistry;2
Fruits;2
 Amazonia;2
 Concrete aggregates;2
 Digital storage;2
Color;2
 sensor;2
 Carbon Dioxide;2
 sex determination;2
Compression testing;2
 Carbohydrates;2
Agriculture;2
 Carbohydrate Metabolism;2
 season;2
 Carbon sequestration;2
 smallholder;2
 Dielectric materials;2
 Composite materials;2
Cold storage;2
 soil water;2
 socioeconomic impact;2
 soil amendment;2
 Comparative studies;2
 ripeness;2
 rice bran oil;2
Acid hydrolysis;2
 soil carbon;2
 Categorical analysis;2
Algorithms;2
 rainforest;2
Allometry;2
 Design and simulation;2
 surface property;2
 Compressive strength;2
 Biodiesel;2
 organic soil;2
 Climate Change;2
 organic matter;2
 transpiration;2
 Damage assessments;2
 EFB;2
 Climacteric fruits;2
 tomato;2
Ecohydrology;2
 Biodiversity;2
 E-Nose;2
 tropical region;2
 Drying;2
 Cooking;2
 DMAIC;2
 organic carbon;2
 Benin;2
 Broadband frequency;2
 phenotypic plasticity;2
 Acacia;2
 tropical forest;2
Diameter;2
 temperature;2
Biology;2
 Classification models;2
 water table;2
 Ecosystem;2
 Economics;2
 Eco-physical approach;2
Backpropagation;2
 Capacitive performance;1
 Capacitive plate;1
 Measuring ranges;1
 Mechanical damages;1
 Microwave scattering model;1
 Measuring instruments;1
 Capacitive response;1
 Microwave remote sensing;1
 Measurement precision;1
 Mediterranean environment;1
 Blueberry;1
 Mechanical extraction;1
 Microstrip ring;1
 Blue mould;1
 Measurement points;1
 Carbon Isotopes;1
 Maturity prediction;1
 Millimeter wave devices;1
 Carbon Cycle;1
 Biomass activated carbon;1
 Maturity staging;1
 Maximum likelihood classification;1
 Millimeter wave circuits;1
 Capacitive sensors;1
 Maximum shear forces;1
 Maximum static friction;1
 Milk production;1
 Capacitive sensing;1
 Mean square error;1
 Measurement and analysis;1
 Microwave reflection;1
 Military surveillance;1
 Military data processing;1
 Biomedical engineering;1
 Mental model;1
 Capacitance change;1
 Mental models;1
 Meteorological instruments;1
 Methane (CH4);1
 Methane emission;1
 Maturity indices;1
 Methanol;1
 Methyl esters;1
 MicroSoft;1
 Microcontroller;1
 Brix;1
 Microwave absorbing material;1
 C/N ratio;1
 Broadband amplifiers;1
 Broadband applications;1
 C-FIX models;1
 Microcrystals;1
 Brunei Darussalam;1
 C (programming language);1
 Microsporocytes;1
 Microstrip (MSL);1
 Bunch index;1
 Microstrip antennas;1
 Budbreak;1
 Cacao;1
 Calibration;1
 Capacitance voltage;1
 Calibration and measurements;1
 Mesocarp oil content;1
 Metabolism;1
 Metal oxide (MOX) sensors;1
 Microstrip ring resonator;1
 Microwave heating process;1
 Canola oil;1
 Bos;1
 Botany;1
 Microwave heating;1
 Metal oxide semiconductor;1
 Metal oxide sensors;1
 Metal surfaces;1
 Bovidae;1
 Microwave communication systems;1
 Calibration samples;1
 Brake thermal efficiency;1
 Microwave antennas;1
 Metamagnetic transitions;1
 Calibration equations;1
 Microwave absorbing properties;1
 Brazil;1
 Ecosystems;1
 Casimiroa edulis;1
 Maturity index;1
 Chemical parameters;1
 Linear Support Vector Machines;1
 Linear coding;1
 Linear dimensions;1
 Linear discriminant analysis;1
 Citrus peel;1
 Linoleic acid;1
 Citrus;1
 Lipids;1
 Liquid dielectrics;1
 Liquid fertilizer;1
 Citra;1
 Chlorophylls;1
 Chlorophyll index;1
 Lithology;1
 Live green ovary;1
 Living organisms;1
 Load voltages;1
 Local ecological knowledge;1
 Local environments;1
 Chlorophyll contents;1
 Locality-constrained linear coding;1
 Logarithmic models;1
 Logging;1
 Logging (forestry);1
 Logistic multinomial model;1
 Loss factor;1
 China;1
 Limit sets;1
 Lignocellulosic fibres;1
 Citrus peels;1
 Classification accuracy;1
 Length and position;1
 Lesser Sunda Islands;1
 Classification and regression tree;1
 Levenberg–Marquardt (LM) back-propagation algorithm;1
 Classification and evaluations;1
 LiDAR;1
 Lidar;1
 Ligands;1
 Light Sources;1
 Light detection and ranging;1
 Classification algorithm;1
 Light intensity;1
 Light measurement system;1
 Lignocellulosic fibers;1
 Light meters;1
 Classification (of information);1
 Light reflection;1
 Classification;1
 Light weight aggregate;1
 Citrus sinensis;1
 Lighting;1
 Lightweight concrete;1
 Lightweight mortar;1
 Lightweight mortars;1
 Lignocellulosic;1
 Lignocellulosic fiber;1
 Chemical process;1
 Chemical formulae;1
 Carbon allocation;1
 Chemical bonds;1
 Cell number;1
 Magnetic sublattices;1
 Magnetic susceptibility;1
 Magnetism;1
 Malaysian palm oil boards;1
 Male;1
 Male reproductive organs;1
 Malic acid;1
 Malic acids;1
 Catchments;1
 Mineral nutrients;1
 Management practices;1
 Cash crop;1
 Mango fruit;1
 Case study analysis;1
 Carotenoids;1
 Manihot esculenta;1
 Manipulator;1
 Carbon-based electrodes;1
 Carbon residue;1
 Mathematical prediction model;1
 Mathematical transformations;1
 Matlab- software;1
 Matthiola;1
 Carbon monoxide;1
 Carbon estimations;1
 Maturity change;1
 Magnetic structure;1
 Magnetic resonance imaging;1
 Magnetic materials;1
 MATLAB platform;1
 Losses;1
 Low Range (LoRa);1
 Low costs;1
 Low deviations;1
 Low heat rejection engine;1
 Low noise;1
 Low noise amplifiers;1
 Low power electronics;1
 Low power wireless;1
 Chemical activation;1
 Low-pass;1
 Chelation;1
 MIM devices;1
 Cements;1
 MLP;1
 Charcoal;1
 MOS devices;1
 MOSFET devices;1
 Characteristic wavelength;1
 Ceramic materials;1
 Ceramic capacitors;1
 Machine vision algorithm;1
 Magnetic artificial cilia;1
 Central Africa;1
 Magnetic frustrations;1
 Magnetic ground state;1
 Biology;1
 Molecularly Imprinted Polymer;1
 Mineral oils;1
 Oil extraction and fatty acids;1
 Airphoto;1
 Oil field development;1
 Oil filled transformers;1
 Oil industries;1
 Aircraft manufacture;1
 Airborne Systems;1
 Air;1
 Agro-industrial wastes;1
 Agriculture sectors;1
 Oil palm ash absorbent material;1
 Oil palm biomass;1
 Oil palm empty fruit bunch;1
 Oil palm empty fruit bunch (OPEFB);1
 Agricultural wastes;1
 Oil palm fibres;1
 Oil palm frond;1
 Oil palm fruit;1
 Agricultural technologies;1
 Agricultural robotics;1
 Agricultural products;1
 Oil palm kernels;1
 Oil palm maturity prediction;1
 Oil palm nursery;1
 Oil palm optical properties;1
 Oil palm plantation;1
 Agricultural productivity;1
 Oil palm shell;1
 Oil extraction rates;1
 Allometry;1
 Normalized difference vegetation index;1
 Alternative solutions;1
 Normalized differences;1
 North America;1
 Number of fruit;1
 Number of layers;1
 Nutrient concentrations;1
 Nutrient fluxes;1
 Nutrient management;1
 Nutrient retention;1
 Nutrient use efficiency;1
 Anechoic chambers;1
 Android (operating system);1
 Amplifiers (electronic);1
 Nutrition;1
 Nutritional components;1
 Nutritional parameters;1
 Ambient humidity;1
 OFDM systems;1
 OPRiD;1
 ORP meter;1
 ORP sensor;1
 Object detection;1
 Odor Control;1
 Odour Capturing Module;1
 Off-the-shelf components;1
 Oil;1
 Oil circuit breakers;1
 Oil content;1
 Agricultural productions;1
 Agricultural intensification;1
 Aggregates;1
 Oil temperature;1
 Optical materials;1
 Accurate prediction;1
 Optical resonators;1
 Accurate analysis;1
 Optical sensor;1
 Acceptable performance;1
 Optical sensors;1
 Optical spectrometers;1
 Optimal conditions;1
 Optimisation;1
 Optimisations;1
 Absorption measurements;1
 Optimum designs;1
 Absorption;1
 Above-ground carbons;1
 ASTM standards;1
 Orchards;1
 ANSYS parametric design language;1
 Ordinal logistic regression;1
 Organ Specificity;1
 Organic Light-Emitting Diodes (OLED);1
 (e ,3e) process;1
 Organic acids;1
 Organic amendments;1
 Organic materials;1
 Organic soil;1
 Organic soils;1
 Optical filters;1
 Optical fibers;1
 Acetic acid;1
 Online monitoring;1
 Oil-palm fiber reinforced composite material;1
 Oils;1
 Oils and fats;1
 Okra;1
 Oleaceae;1
 Oleic acid;1
 Oleosynthesis cost;1
 Oleuropein;1
 Adulteration of oil;1
 Olives;1
 Omics research;1
 On-line measurements;1
 Adiabatic engines;1
 Optical characteristics;1
 Additional experiments;1
 Open source software;1
 Activating agents;1
 Activated agent;1
 Open sources;1
 Open systems;1
 Open-ended coaxial probe;1
 Open-source hardwares;1
 Actinidia deliciosa;1
 Actinidia chinensis;1
 Operational zones;1
 Opportunity costs;1
 Normalized difference water index;1
 Animal fats;1
 Biogas;1
 Monocotyledon;1
 Monopole sensor;1
 Morphology;1
 Morphology control;1
 Morris sensitivity analysis;1
 Mortality;1
 Mortar;1
 Mortar specimens;1
 Movement Simulation;1
 Multi-functional;1
 Multiband;1
 Multinomial logistic regression;1
 Multinomial logistic regression models;1
 Automatic grading;1
 Multiparameters;1
 Automatic;1
 Automated detection;1
 Multiple interactions;1
 Multiplicative scatter correction;1
 Authentication;1
 Atmospheric temperature;1
 Multipurpose breeds;1
 Multivariant analysis;1
 Multivariate Analysis;1
 Multivariate data;1
 Multivariate data analysis;1
 Multivariate data techniques;1
 Murashige and Skoog mediums;1
 Monopole antennas;1
 Monitoring system;1
 Normalized Difference Water Index;1
 Monitoring equipment;1
 Mixed weeds;1
 Mixtures;1
 Biofuels;1
 Modelling;1
 Bio-diesel fuels;1
 Bio-diesel fuel;1
 Bio-composites;1
 Moisture content (MC);1
 Moisture control;1
 Behavioral research;1
 Beetles;1
 Band selection;1
 Moisture meters;1
 Moisture range;1
 Moisture sensor;1
 Moisture sensors;1
 Molecular Imprint Polymer;1
 Molecular imprint polymers;1
 Banana ripening;1
 Learning algorithms;1
 Molecularly imprinted polymer;1
 Bacteriology;1
 Molecules;1
 Backscattering coefficients;1
 Backpropagation algorithms;1
 Monitoring applications;1
 Average values;1
 Atmospheric composition;1
 NAC domain;1
 Assesment;1
 Asia, Southeastern;1
 Nitrogen compounds;1
 Nitrogen fertilizers;1
 Nitrogen levels;1
 Nitrogen oxides;1
 Nitrous Oxide;1
 Nitrous oxide;1
 Anthocyanin index;1
 Anthocyanin content;1
 Non-contact;1
 Antenna accessories;1
 Non-contact measurement;1
 Non-contact measurement technique;1
 Non-destruction;1
 Non-destructive control;1
 Non-destructive technique;1
 Non-invasive sensors;1
 Non-structural carbohydrates;1
 Non-targeted metabolomics;1
 Non-toxic alternatives;1
 Noncontact measurements;1
 Nondestructive determination;1
 Anonymous authentication;1
 Animals;1
 Nondestructive method;1
 Nonlinear systems;1
 Normalized Difference Built-up Index;1
 Normalized Difference Vegetation Index;1
 Anthocyanins;1
 Anthropomorphic robots;1
 Nickel compounds;1
 Near infrared;1
 Ashanti;1
 Artificial organs;1
 NIR regions;1
 NMR;1
 NPK measurement;1
 Nanocomposite;1
 Nanosensors;1
 Nanostructured materials;1
 Nanostructures;1
 Natural esters;1
 Artificial intelligent techniques;1
 Apples;1
 Near-infrared;1
 Nickel;1
 Near-infrared spectroscopies;1
 Near-infrared spectroscopy non-destructive sensor;1
 Nearest neighbor search;1
 Apple fruits;1
 Antioxidants;1
 Network analyzer;1
 Antiferromagnetic orderings;1
 Networks (circuits);1
 Neural network;1
 Neural network (nn);1
 Anti-microbial activity;1
 New approaches;1
 Least squares approximations;1
 Lab Method;1
 Learning Vector Quantization;1
 Firmness;1
 Food Microbiology;1
 Food science;1
 Food security;1
 Determination coefficients;1
 Food supply;1
 Force parameters;1
 Detectors;1
 Detection system;1
 Forest;1
 Detection;1
 Forest conservation;1
 Forest conversion;1
 Forest fragment;1
 Forest reserves;1
 Forest restoration;1
 Forest succession;1
 Fossil fuel power plants;1
 Fossil fuels;1
 Foundational aspects;1
 Fourier transform infrared spectrometry;1
 Fourier transform infrared spectroscopy;1
 Detailed design;1
 Frequency allocation;1
 Destructive interference;1
 Design projects;1
 Design procedure;1
 Design of experiments;1
 Development;1
 Fly ash;1
 Development agencies;1
 Floral asynchrony;1
 Five-port reflectometer;1
 Diesel power plants;1
 Diesel engines;1
 Flavor compounds;1
 Flavors;1
 Flight test;1
 Diesel engine performance;1
 Dielectric sensors;1
 Dielectric properties of liquids;1
 Dielectric measurements;1
 Dielectric losses;1
 Flooding;1
 Florida;1
 Development and applications;1
 Florida [United States];1
 Flow control valve;1
 Flower;1
 Dielectric devices;1
 Dielectric constants;1
 Fluorescence ratio;1
 Fluorescence sensor;1
 Fluorescence sensors;1
 Device configurations;1
 Fluorescence technique;1
 Development scenarios;1
 Development policies;1
 Design and implementations;1
 Design;1
 Frequency division multiplexing;1
 GLO-PEM;1
 Fuel oils;1
 Fuel properties;1
 Fuel samples;1
 Full factorial design;1
 Data handling;1
 Fungi;1
 Furfural;1
 Fusion;1
 Data collection;1
 Data centers;1
 Fuzzy weighted multivariate regression;1
 GI;1
 GLO-PEM model;1
 Fuel economy;1
 Data acquisition system;1
 Galvanostatic charge/discharge;1
 Ganoderma;1
 DSIFT;1
 Gas Sensor;1
 Gas chromatography mass spectrometry;1
 DHT11 Sensor;1
 D. digital image correlation (DIC);1
 Cytogenetics;1
 Cylinder head;1
 Gas sensing applications;1
 Gas sensor;1
 Fuel flow;1
 Data-logging;1
 Frequency techniques;1
 Fruit production efficiency;1
 Fresh and hardened properties;1
 Density functional theory;1
 Density (specific gravity);1
 Friction coefficients;1
 Dense medium radiative transfers;1
 Degradation;1
 Fruit condition monitoring;1
 Fruit counting;1
 Fruit detection and maturity identification;1
 Deformation gradient;1
 Fruit juices;1
 Fruit maturation;1
 Deforestation;1
 Fuel channels;1
 Deep neural networks;1
 Deep;1
 Decrement factor;1
 Fruit ripening;1
 Decision trees;1
 Fruit size;1
 Fruit surface color;1
 Fruiting;1
 Decision tree method;1
 Decision making;1
 Fruits and vegetables;1
 Decision makers;1
 Differential thermogravimetric;1
 Fires;1
 Latexes;1
 Fire point;1
 Embedded systems;1
 Emerging technologies;1
 Durability;1
 Emission signal;1
 Dry matters;1
 Empty fruit bunch;1
 Dry matter production;1
 Dry matter partitioning;1
 End effectors;1
 Energy consumption;1
 Energy efficiency;1
 Dry matter content;1
 Engine cylinders;1
 Engine performance;1
 Engineering education;1
 Engines;1
 Environmental aspects;1
 Environmental conditions;1
 Environmental governance;1
 Droughts;1
 Environmental issues;1
 Environmental management;1
 Drones;1
 Environmental performance;1
 Environmental problems;1
 Error analysis;1
 Escherichia coli;1
 Electronic sensors;1
 Durability of concretes;1
 EML;1
 Electric network analysis;1
 Effective permittivity and permeabilities;1
 Efficacy;1
 Efficiency;1
 El Nino-Southern Oscillation;1
 Elaeis guineensis jacq;1
 Elaeis oleifera;1
 Electric breakdown;1
 Economically viable;1
 Electric circuit breakers;1
 Electric conductivity;1
 Electric fields;1
 Economic productivity;1
 Electric network analyzers;1
 Early detection system;1
 Electrical capacitance;1
 Electrical conductivity;1
 Economic development;1
 Electrochemical measurements;1
 Economic added value;1
 Electromagnetic fields;1
 Electromagnetic interference shielding;1
 Electromagnetic pulse;1
 East Malaysia;1
 Electromagnetic wave interference;1
 Electronic document exchange;1
 Electronic equipment;1
 Essential services;1
 Driving conditions;1
 Driers (materials);1
 Fiber optic sensors;1
 Feature extractor;1
 Feedstock size;1
 Feedstocks;1
 Female;1
 Dipolar relaxation frequency;1
 Dihedral corner reflector;1
 Female reproductive organs;1
 Ferrite;1
 Ferrites;1
 Fertilisation;1
 Fertilizers;1
 Digital systems;1
 Fiber optics;1
 Fc-NN;1
 Digital system;1
 Digital soil test kit;1
 Fibre;1
 Fibre optic sensor;1
 Digital numbers;1
 Digital image correlations;1
 Field-based measurements;1
 Fillers;1
 Digital electronics;1
 Finite element codes;1
 Diffusion measurements;1
 Finite element method;1
 Disaster monitoring;1
 Discriminant analysis;1
 Ethylene gas;1
 Exhaust gas temperatures;1
 Ethylene measurements;1
 Ethylenes;1
 Downstream water supply;1
 Domain adaptation;1
 Distribution;1
 Distributed power;1
 Dispersion;1
 Europe;1
 Eutrophication;1
 Diseases;1
 Excitation light sources;1
 Exhaust emission;1
 Exhaust smoke;1
 Fatty Acids;1
 Exhaust temperature;1
 Experimental investigations;1
 Experimental studies;1
 Disease detection;1
 Experimental test;1
 External calibration;1
 Extraction;1
 Extreme pressure;1
 FFB;1
 FFB grading;1
 Disease control;1
 Farm Crops;1
 Gas temperature;1
 Gaseous effluents;1
 Gases;1
 Cyclic voltammetry;1
 Colour measurement;1
 Industrial emissions;1
 Industrial wastes;1
 Colorimetry;1
 Information use;1
 Infrared spectroscopy;1
 Initial surface absorptions;1
 Innovation;1
 Inorganic fertilizers;1
 Color sensors;1
 Input distance function;1
 Inspection standards;1
 Instruments;1
 Insulation;1
 Integrated device;1
 Integration;1
 Color pixels;1
 Intelligence sensor;1
 Color information;1
 Intelligent robots;1
 Inter-digitated electrodes;1
 Interdigitated Electrode;1
 Interdigitated electrodes;1
 Interdigitated transducer;1
 Interdisciplinary analysis;1
 Interface;1
 Interface circuits;1
 Colour scanners;1
 Comestibility;1
 Inductive elements;1
 Image segmentation and binarisation;1
 Illumination compensation;1
 Image acquisition;1
 Image analysis;1
 Image classification;1
 Composite samples;1
 Image enhancement;1
 Image filters;1
 Image processing - methods;1
 Composite;1
 Image processing and analysis;1
 Image processing technique;1
 Comparative analysis;1
 Impact on the environment;1
 Commercial grades;1
 Improvement in product quality;1
 In situ hybridization;1
 In-control;1
 Independent variables;1
 Index of absorbance difference;1
 Indole-3-acetic acid;1
 Communication systems;1
 Inductance;1
 Communication;1
 Commercial standards;1
 Commercial products;1
 Commercial plantation;1
 Internal bonding;1
 Internal browning;1
 Internal oxygen;1
 Classification trees;1
 Effect of washing;1
 Laboratory experiments;1
 Labour-intensive;1
 Clusters;1
 Land cover change;1
 Land resources;1
 Land surface temperature;1
 Clipping techniques;1
 Climate change mitigation;1
 Land use conversion;1
 Climate change;1
 Land use disturbances;1
 Classification tasks;1
 La Nina;1
 Land-use and land cover classifications;1
 Land-use change;1
 Land-use systems;1
 Landscape;1
 Landscape disturbance;1
 Classification system;1
 Landscapes;1
 Large signals;1
 Larva;1
 Classification results;1
 Classification regression;1
 Classification performance;1
 Co-benefits;1
 Coatings;1
 Internal structure;1
 K-nearest neighbor method;1
 Internet of Things (IoT);1
 Invariant representation;1
 Cognitive systems;1
 Investments;1
 Ionic liquids;1
 Ionic liquids pretreatment;1
 Ionization of gases;1
 Cognates recognition;1
 Isotope composition;1
 Coelaenomenodera lameensis;1
 Code division multiple access (CDMA) system;1
 K-Nearest Neighbour;1
 Coconut oil;1
 LAI;1
 K-nearest neighbours;1
 Kade;1
 Kalanchoe;1
 Kalanchoe blossfeldiana;1
 Kalimantan;1
 Kanamycins;1
 Kinetics;1
 Coaxial feeders;1
 Kiwifruit;1
 Knowledge pertaining;1
 Kyoto Protocol;1
 Kyoto protocol;1
 ITS evaluation;1
 IOT;1
 Hyperspectral technology;1
 Conversion rates;1
 Gonadosomatic index;1
 Good correlations;1
 Cooking methods;1
 Grading system;1
 Grain elevators;1
 Grapevines;1
 Graphene;1
 Graphic interfaces;1
 Graphical programming;1
 Graphical user interfaces;1
 Gravitational effects;1
 Convolutional neural network;1
 Greenhouse Effect;1
 Glyphosate;1
 Greenhouse Gases;1
 Greenhouse conditions;1
 Greenhouse effect;1
 Greenhouse gas emission;1
 Conventional measurements;1
 Controlled release fertilizer;1
 Greenhouse gases (GHG);1
 Gross domestic products;1
 Ground state;1
 Groundnut oil;1
 Control theory;1
 Group signatures;1
 Gold kiwifruit;1
 Glycine max;1
 Contrast material;1
 Crude palm oil;1
 Gateway nodes;1
 Orthogonal frequency division multiplexing;1
 Gene expression;1
 Current sources;1
 Cultural practices;1
 Genetic parameters;1
 Genetic variability;1
 Genotype;1
 Crystals;1
 Geographic information systems;1
 Crystallography;1
 Crystallinity;1
 Geospatial technology;1
 Coplanar waveguide (CPW) feed;1
 Crops;1
 Critical properties;1
 Giant magnetoresistive sensor;1
 Glass Fibers;1
 Cost effective;1
 Glass fibers;1
 Correlation detectors;1
 Global Warming Potential;1
 Global change;1
 Global climate changes;1
 Global positioning system;1
 Correlation coefficient;1
 Growing demand;1
 Growth regulators;1
 Hyperspectral imaging (HSI);1
 Computational modelling;1
 High voltage power apparatus;1
 Computers;1
 Highway planning;1
 Histology;1
 Computer aided design;1
 Hort16a;1
 Computer Simulation;1
 Host-Parasite Interactions;1
 Hot pressing;1
 Human expert;1
 Humans;1
 Humidity control;1
 Computational model;1
 High temperature operations;1
 Hydrocarbons;1
 Hydroecology;1
 Hydrogen-Ion Concentration;1
 Hydrological characteristics;1
 Computational approach;1
 Compression testing;1
 Compression strength;1
 Hydrolysis;1
 Hyper-spectral cameras;1
 Comprehensive bilingual dictionaries;1
 Composting;1
 Compost;1
 High viscosities;1
 High spatial resolution;1
 Guaiacol;1
 Heat accumulation;1
 Contour plot;1
 Consumer applications;1
 HSV and RGB color space;1
 Construction industry;1
 Handheld;1
 Hardware engineers;1
 Conservation set-aside;1
 Conservation;1
 Harvesting machines;1
 Condition monitoring;1
 Harvesting point;1
 Condensate production;1
 Heat engines;1
 High sensitivity;1
 Concrete mixtures;1
 Heat transfer mechanism;1
 Concrete applications;1
 Heating system;1
 Height;1
 Concentration of;1
 Herbicide efficacy;1
 Concentration (process);1
 Herbicides;1
 Hevea brasiliensis;1
 High frequency devices;1
 High resolution satellite images;1
 Organic solvents;1
 Precision agriculture;1
 Orthosiphon;1
 model test;1
 nutrient concentration;1
 nut kernel;1
 nondestructive sensors;1
 non-destructive indices;1
 non-anthropomorphic robots;1
 nitrous oxide emission;1
 nitrogen fertilizer;1
 net ecosystem exchange;1
 nature conservation;1
 natural settings;1
 natural ester;1
 mortality;1
 morphology;1
 monounsaturated fatty acid;1
 monoculture;1
 nutrient cycling;1
 nutrient loss;1
 nutrient management;1
 oleic acid;1
 oxalic acid;1
 organic amendment;1
 orchard;1
 orange (fruit);1
 optimization;1
 olive oil;1
 oil palm slash and burn practice;1
 nutrient use efficiency;1
 oil palm shell;1
 oil palm plantation;1
 oil palm maturity sensor;1
 oil concentration;1
 odor;1
 nutritional status;1
 moisture;1
 mineral oil;1
 oxidation reduction potential;1
 microwave absorber;1
 lipid composition;1
 linoleic acid;1
 light use efficiency;1
 life cycle analysis;1
 life cycle;1
 lidar;1
 legume;1
 leaf;1
 larva;1
 landscape ecology;1
 landscape change;1
 landscape;1
 land-use change;1
 laboratory method;1
 isotopic composition;1
 liquid chromatography;1
 long-term change;1
 long-term studies;1
 maturity development;1
 microscopy;1
 microbial diversity;1
 methane emission;1
 measurement method;1
 maturity stages;1
 maturity level;1
 maturity;1
 lycopene;1
 mangrove;1
 mango;1
 management practice;1
 malic acid;1
 male;1
 machine learning;1
 oxidation;1
 oxidation reduction state;1
 interdisciplinary approach;1
 quality criteria;1
 sap flow;1
 sandy soil;1
 sample size;1
 rural area;1
 runoff;1
 robotics;1
 robotic furniture;1
 river discharge;1
 remote sensing;1
 regression analysis;1
 refractometry;1
 rapid chloride penetration test;1
 random sample;1
 raingauge;1
 rainfall;1
 satellite data;1
 saturated medium;1
 seasonal variation;1
 simulation;1
 soil nutrient;1
 soil moisture;1
 soil fertility;1
 soil emission;1
 soil drainage;1
 slug test;1
 shrub;1
 seasonality;1
 set-aside;1
 sensor voltage;1
 sensor for durian classification;1
 sensitivity analysis;1
 seedling;1
 secondary forest;1
 quantitative analysis;1
 quality control;1
 pH measurement;1
 productivity;1
 photoperiodicity;1
 photoperiod;1
 phenotype;1
 phenolic compound;1
 permeability;1
 performance analyses;1
 perennial plant;1
 perception;1
 peatland drainage;1
 peat soil;1
 peat;1
 parasitology;1
 palmitic acid;1
 palm olein oil;1
 palm oil maturity;1
 photosynthesis;1
 phytohormone;1
 phytomass;1
 policy analysis;1
 process optimization;1
 priority journal;1
 prevention and control;1
 polyunsaturated fatty acid;1
 polypropylene fibre;1
 policy implementation;1
 plant yield;1
 plant;1
 plant structures;1
 plant seed;1
 plant residue;1
 plant extract;1
 plant environment interaction;1
 plant breeding;1
 interpolation;1
 interception;1
 soil property;1
 conservation status;1
 developmental stage;1
 developing world;1
 developing country;1
 detection method;1
 design method;1
 degradation;1
 defoliation;1
 decision tree;1
 data set;1
 cytogenetics;1
 cultivation;1
 crop rotation;1
 crop production;1
 cost analysis;1
 controlled study;1
 dielectric sensor;1
 digital current source;1
 discriminant analysis;1
 electric conductivity;1
 environmental conditions;1
 energy resource;1
 emission inventory;1
 emission control;1
 emission;1
 electronic equipment;1
 elaeis guineensis;1
 disturbance;1
 egg laying;1
 effluent;1
 efficiency measurement;1
 ecosystem service;1
 ecosystem carbon exchange;1
 ecophysiology;1
 contour map;1
 concentration (composition);1
 environmental disturbance;1
 computer vision;1
 carbon fixation;1
 carbon cycle;1
 carbon budget;1
 carbohydrate;1
 camera;1
 calibration;1
 building constructions;1
 broadband;1
 botany;1
 biomass allocation;1
 biological production;1
 biogeochemistry;1
 biogas;1
 biofuel production;1
 best management practice;1
 carbon flux;1
 carbon footprint;1
 carbon sink;1
 climate effect;1
 computer simulation;1
 computer;1
 compost;1
 compensation system;1
 cocoa;1
 climate variation;1
 clean development mechanism;1
 carbon source;1
 classification;1
 citric acid;1
 chlorophyll content;1
 chemical composition;1
 catchment;1
 carbon stocks;1
 environmental degradation;1
 environmental economics;1
 inflorescence abortion;1
 fungal virulence;1
 growth rate;1
 growing season;1
 ground water;1
 government;1
 governance approach;1
 glucose;1
 gluconic acid;1
 global change;1
 geography;1
 geographical region;1
 geodiversity;1
 genotype;1
 genetic variation;1
 genetic algorithm;1
 gas exchange;1
 growth response;1
 health impact;1
 histology;1
 identification method;1
 inflorescence;1
 index pixel;1
 index method;1
 in situ measurement;1
 imaging;1
 image analysis;1
 hydrological change;1
 host parasite interaction;1
 hydraulic conductivity;1
 hybridization;1
 humid tropics;1
 humid environment;1
 human activity;1
 human;1
 galacturonic acid;1
 fumaric acid;1
 environmental effect;1
 fruit-set;1
 fiber optic;1
 fertilizer application;1
 female;1
 fatty acids;1
 fatty acid;1
 expansion;1
 evergreen forest;1
 ethylene derivative;1
 essential oil;1
 error margins;1
 error analysis;1
 environmental stress;1
 environmental performance;1
 environmental monitoring;1
 environmental impact assessment;1
 field method;1
 filter;1
 finite element method;1
 fresh fruit bunches;1
 fruit set;1
 fruit quality;1
 fruit morphology;1
 fruit development;1
 fruit color;1
 fruit battery;1
 fragmentation;1
 fire point;1
 forest cover;1
 food security;1
 food quality;1
 food composition;1
 flood control;1
 flash point;1
 soil organic matter;1
 soil respiration;1
 baseflow;1
Degradability;1
Elaeis guineensis;1
Efficiency;1
Dynamics;1
Drying;1
Drought;1
Drone;1
Domain adaptation;1
Disease;1
Direct transmission;1
Digital devices;1
Dielectric materials;1
Dielectric devices;1
Dielectric constant;1
Development policy;1
Development costs;1
Elastic modulus;1
Electric batteries;1
Electric network analyzers;1
Fatty acids;1
Fruit classification;1
Fruit Maturity;1
Forest;1
Food quality control;1
Flower development;1
Flow control system;1
FFB;1
Electronic nose (E-nose);1
Explosives detection;1
Ethylene;1
Epicarp color index;1
Environmental impact;1
Engineers;1
Emission control;1
Detection methods;1
Deformation;1
Fruit ripeness;1
Decision trees;1
Control plants;1
Confinement loss;1
Concrete;1
Computer software;1
Computer aided analysis;1
Composites;1
Colour calibration;1
Colorimetric method;1
Color sensor;1
Color meter;1
Color bands;1
Coaxial sensor;1
Clustering Based Techniques;1
Closed chambers;1
Climate mitigation;1
Controllers;1
Corn oil;1
Correlation;1
Cytometry;1
Decision making;1
Day estimation for harvesting;1
Data visualization;1
Data processing;1
Data privacy;1
DSIFT;1
Cutting;1
Cost effectiveness;1
Crude Palm Oil;1
Crops;1
Crop coefficient;1
Critical factors;1
Costs;1
Cost-effectiveness;1
Fruit maturity;1
Fruit weight;1
Classification tree;1
anatomy;1
chlorophyll;1
chili;1
child;1
carotenoid;1
capacitive sensor;1
broadband;1
breakdown voltage;1
biomass allocation;1
biomass;1
biodiesel;1
biochar;1
banana;1
ascorbic acid;1
anonymous authentication;1
anechoic chamber;1
chlorophyll fluorescence;1
climate change;1
commercial species;1
fatty acid;1
methane;1
in-the-wild studies;1
image filters;1
fruit filling;1
fruit;1
fertilizer;1
ethylene;1
competition (ecology);1
environmental drivers;1
efficiency measurement;1
durability;1
dissipation;1
decomposition;1
conservation;1
anatomy and histology;1
allometry;1
Fusion reactions;1
agricultural management;1
Malus;1
MRI;1
Lightweight aggregates;1
Latexometer;1
Land use;1
Land surface temperature;1
Land cover change;1
Interception;1
Impurities;1
Hyperspectral imaging;1
Humidity sensor;1
Holistic framework HRD;1
Hexagonal ZnO nanorod;1
Glufosinate-ammonium;1
Genetic engineering;1
Maturity;1
Mesocarp;1
Microstrip ring;1
Prunus persica nucipersica;1
agricultural land;1
aboveground biomass;1
ablation;1
Wireless telecommunication systems;1
Vitaceae;1
Pyrus;1
Prunus persica;1
Microwave absorber;1
Prunus armeniaca;1
Oil palm FFB;1
Oil palm;1
NPK nutrients;1
Moisture content;1
Modelling;1
Climacteric fruits;1
Classification (of information);1
 source/sink ratio;1
 viscosity;1
 wood;1
 wireless networks;1
 wireless communications channel;1
 wetland;1
 weight;1
 water use;1
 water uptake;1
 water quality;1
 water depth;1
 water demand;1
 water content;1
 water budget;1
 water;1
 waste water management;1
 waste;1
 yield components;1
'Kuerlexiangli' pear;1
13C/12C fractionation;1
Acoustic vibtration;1
Adsorption isotherms;1
Adiabatic conditions;1
Additives;1
Active optical sensors;1
Activation energy;1
Activated carbon;1
Acid;1
2A12-iaaM gene;1
Absorption;1
Absorbent materials;1
Aboveground biomass;1
Above ground biomass;1
APSIM-Oil palm;1
3D reconstruction;1
 volatile organic compound;1
 variogram;1
Agilent;1
 validation process;1
 sunflower oil;1
 sugar;1
 sucrose;1
 subtropical region;1
 subsidence;1
 stream;1
 storm;1
 stochasticity;1
 statistical analysis;1
 spectrophotometry;1
 spectral measurement;1
 spectral analysis;1
 species diversity;1
 spatial analysis;1
 soybean oil;1
 temperate environment;1
 temperature measurement;1
 temporal variation;1
 transparency;1
 unclassified drug;1
 uncertainty analysis;1
 ultraviolet spectrophotometry;1
 tropics;1
 tropical soil;1
 tropical peatland conversion;1
 transesterification;1
 thermal dissipation probes;1
 traditional knowledge;1
 trade-off;1
 trade-environment relations;1
 total quality management;1
 time;1
 throughfall;1
Adulteration of oil;1
Agricultural products;1
Citrus sinensis;1
Best management practices;1
Burnt peatlands;1
Brix;1
Breeding population;1
Breakdown;1
Botrytis;1
Blup;1
Blueberry;1
Blue mould;1
Blending;1
Biomass;1
Biological recovery;1
Bioethanol;1
Biodiesel;1
Bioconversion;1
Biocomposite board;1
Bushfire;1
C/N ratio;1
CO2 emission rate;1
Cell proliferation;1
Citrus reticulate Blanco;1
Chlorophyll content;1
Cherry tomato;1
Characterization;1
Cellulose;1
Cell wall;1
Casimiroa;1
Caiaué;1
Carbon-dioxide;1
Carbon dioxide;1
Carbon assimilation;1
Canopy position;1
Calibration;1
Calcium;1
Biochar;1
Berry development;1
Agricultural robotics;1
Benchmarking;1
Antibacterial agents;1
Antennas;1
Antenna accessories;1
Animalia;1
Android application;1
Anaerobic open digesting tank;1
Anaerobic digestion;1
Alternative fuels;1
Airphoto imagery;1
Airborne synthetic aperture radars;1
Airborne radars;1
Air solar collector;1
Agroforestry;1
Agriculture products;1
Agricultural sector;1
Antiferromagnetism;1
Apple;1
Apple fruit;1
Automation;1
Batteries;1
Baseflow;1
Band selection;1
Bamboo;1
Bactericides;1
Bacteria (microorganisms);1
Automatic target recognition;1
Apple ripening;1
Automatic;1
Atmospheric temperature;1
Artificial neural network;1
Arecaceae;1
ArcGIS;1
Arbequina;1
 beetle;1
 banana;1
 Orthosiphon stamineus;1
 Recovery;1
 Relative air humidities;1
 Reinforced concrete;1
 Regulated emissions;1
 Regression methods;1
 Regression analysis;1
 Regional impacts;1
 Refractometers;1
 Reflection coefficient;1
 Reflected waves;1
 Reflectance;1
 Reduced graphene oxides;1
 Redox reactions;1
 Redox potentials;1
 Recycling;1
 Rectangular waveguides;1
 Remote sensing data;1
 Remote sensing technology;1
 Remotely sensed images;1
 Resonance frequency;1
 Rhizophoraceae;1
 Rf applications;1
 Return on investment (ROI);1
 Respiratory losses;1
 Respiration;1
 Resonant characteristics;1
 Resonance frequencies;1
 Removal;1
 Resistance;1
 Research studies;1
 Research and development;1
 Reproduction;1
 Renewable resources;1
 Renewable resource;1
 Rectangular waveguide;1
 Received signals;1
 Rician k factors;1
 Realtime imaging;1
 Radar;1
 RGB digital number;1
 RF transceivers;1
 RF MOSFET;1
 RBF;1
 Quantitative measurement;1
 Quality parameters;1
 Quality improvement;1
 Quality function deployment;1
 Quality degradation;1
 Quality criteria;1
 Quality assurance;1
 Quality Improvement;1
 Pyrus;1
 Pyrolysis;1
 Radar antennas;1
 Radar astronomy;1
 Radar cross section;1
 Raman;1
 Real-time monitoring;1
 Real time monitoring;1
 Real time;1
 Rapid response;1
 Rapid chloride penetration tests;1
 Random forest methods;1
 Rainfall;1
 Radar equipment;1
 Radiometric calibrations;1
 Radio transceivers;1
 Radio;1
 Radiation use efficiency;1
 Radar target recognition;1
 Radar systems;1
 Rice bran oil (RBO);1
 Rician k-factor;1
 Pumps;1
 Selection index;1
 Services and applications;1
 Sensory information;1
 Sensory;1
 Sensor systems;1
 Sensor optimization;1
 Sensor implementation;1
 Sensor designs;1
 Sensor data fusion;1
 Sensor arrays;1
 Sensor array;1
 Sensitivity difference;1
 Sensitive layers;1
 Sensitive detector;1
 Sensing performance;1
 Semillon;1
 Shadow moiré;1
 Shallow;1
 Shear force measurement;1
 Signal processing;1
 Simulation Design;1
 Simulation;1
 Silvopastoral systems;1
 Silicon compounds;1
 Significant impacts;1
 Signal to noise ratio;1
 Signal penetration;1
 Shearing;1
 Signal interference;1
 Shrinkage;1
 Shoot development;1
 Shielding;1
 Shells (structures);1
 Shearing machines;1
 Selenium compounds;1
 Selangor;1
 Ripeness estimations;1
 Segmentation process;1
 SSF;1
 SPAD;1
 SIMPLE algorithm;1
 SEM;1
 Runoff;1
 Ruminant;1
 Rubber products;1
 Rubber plantation;1
 Rubber industry;1
 Rubber applications;1
 Root mean square errors;1
 Root biomass;1
 Ripening process;1
 Ripening inhibitors;1
 Ripeness stage;1
 SVM;1
 Sabah;1
 Salmonella;1
 Scattered waves;1
 Seed;1
 Secondary forest;1
 Second Law of Thermodynamics;1
 Scatterometer measurements;1
 Scattering char-acteristics;1
 Scattering;1
 Scanning electron microscopy;1
 Salmonella typhimurium;1
 Scale invariant features;1
 Scaffolds;1
 Satellite data;1
 Satellite;1
 Sampling technique;1
 Sampling design;1
 Punica granatum;1
 Pucallpa;1
 Sink-source relationships;1
 Penicillium;1
 Photodiodes;1
 Philosophical aspects;1
 Phenotype;1
 Phase-shift shadow method;1
 Petroleum diesel;1
 Peruvian Amazon;1
 Peru;1
 Personal computers;1
 Permittivity;1
 Permeability;1
 Performance tests;1
 Performance data;1
 Performance analysis;1
 Perennial crop;1
 Penicillium expansum;1
 Photometers;1
 Photoperiod;1
 Photoperiodism;1
 Physiological models;1
 Planar structures;1
 Pixel methods;1
 Pistons;1
 Pinot noir;1
 Piles;1
 Piezoelectric substrates;1
 Physiochemical parameters;1
 Phyllochron;1
 Physicochemical property;1
 Physicochemical properties;1
 Physical measurement;1
 Physical and chemical properties;1
 Physalis pubescens;1
 Physalis;1
 Penicillium digitatum;1
 Pegasis;1
 Plant Growth Regulators;1
 Peel permeance;1
 Pallets;1
 Pallet;1
 Paddy fields;1
 PH value;1
 PH;1
 PCF;1
 P. pubescens;1
 Oxides of nitrogen;1
 Oxide semiconductors;1
 Oxidation-reduction potential;1
 Ovis aries;1
 Oviposition;1
 Overall accuracies;1
 Outer pericarp;1
 Other properties;1
 Palm Oil;1
 Palm biodiesels;1
 Palm oil mill effluent (POME);1
 Partial least square;1
 Peat properties;1
 Peak to average power ratio reduction (PAPR);1
 Particulate emissions;1
 Particulate Matter;1
 Partially stabilized zirconia;1
 Partial least squares regressions (PLSR);1
 Parthenocarpic fruits;1
 Palm oil mill effluents (POME);1
 Paraquat;1
 Paraffins;1
 Papaya Maturity;1
 Palmprint recognition;1
 Palm plantation;1
 Palm oil plantation;1
 Plant Extracts;1
 Plant Residues;1
 Public policy;1
 Potential;1
 Principal component regression;1
 Principal Component Analysis;1
 Pretreatment;1
 Pressure resistance;1
 Presses (machine tools);1
 Preliminary studies;1
 Predictive analytics;1
 Prediction performance;1
 Prediction accuracy;1
 Precision Agriculture;1
 Pre-processing;1
 Pre-Treatment;1
 Power emission;1
 Power consumption (CE);1
 Power amplifiers;1
 Probe configuration;1
 Process capabilities;1
 Process engineering;1
 Property (S);1
 Public and private sector;1
 Pubescens;1
 Prunus persica nucipersica;1
 Prunus armeniaca;1
 Proven reserves;1
 Prototypes;1
 Properties of concretes;1
 Process monitoring;1
 Proof of concept;1
 Project management;1
 Productivity;1
 Production control;1
 Product design;1
 Processing;1
 Potential scattering;1
 Potassium hydroxide;1
 Plant architecture;1
 Potassium;1
 Polarimetric radars;1
 Plastics;1
 Plastic optic fibers;1
 Plastic containers;1
 Plastic bottles;1
 Planting materials;1
 Plantations;1
 Plantation managements;1
 Plant residues;1
 Plant life extension;1
 Plant hormones;1
 Plant growth enhancements;1
 Plant disease;1
 Plant cell culture;1
 Plant breeding;1
 Polarimetric synthetic aperture radars;1
 Polarization;1
 Pollution level;1
 Porosity;1
 Postharvest quality evaluation;1
 Post-genomics technologies;1
 Portable instrument;1
 Portable equipment;1
 Portable Equipment;1
 Porous metal oxides;1
 Population dynamics;1
 Poly lactic acid;1
 Polypropylene fibres;1
 Polymers;1
 Polyhydroxyalkanoates;1
 Polyethylene terephthalates (PET);1
 Polyesters;1
 Polycaprolactone;1
 Single terminal;1
 Sinusoidal frequency;1
 arachis oil;1
 United Nations Framework Convention on Climate Change;1
 Variable loads;1
 Vanadium metallography;1
 Validation measurements;1
 VRT (Variable rate technology);1
 VLR group signature;1
 Utilization;1
 User friendly;1
 Usage scenarios;1
 Urea;1
 Uranium metallography;1
 Unripe fruits;1
 Unmanned vehicles;1
 Unmanned ground vehicles;1
 Unlabeled samples;1
 Universal testing machines;1
 Variable rate fertilizer applicator;1
 Vector network analyzer;1
 Vector network analyzers;1
 Visible sensors;1
 Voc;1
 Visualization;1
 Visual inspection;1
 Visual Basic 6.0;1
 Visible-nir;1
 Visible-NIR;1
 Visible and near infrared;1
 Vegetable Oil;1
 Virulence Factors;1
 Vine growth;1
 Veris 3100;1
 Vegetative growth;1
 Vegetation type;1
 Vegetables;1
 United States;1
 Unique features;1
 Voltage;1
 Uncertainty analysis;1
 Transmitter and receiver;1
 Transition metals;1
 Transgenics;1
 Transgenic plants;1
 Transgenic lines;1
 Transceivers;1
 Tracking radar;1
 Total soluble solid;1
 Total quality management;1
 Total phenolic contents;1
 Total phenolic content;1
 Total nitrogen content;1
 Top surface;1
 Tocotrienol;1
 Tocopherol;1
 Transmitters;1
 Transport industry;1
 Tree crop plantation;1
 UV fluorescence;1
 Unburned hydrocarbons;1
 Ultraviolet lights;1
 Ultrathin films;1
 Ultra-violet;1
 Ultra- WideBand (UWB);1
 Ucayali;1
 Tropical rainforest;1
 Tree orientation;1
 Tropical rain forests;1
 Tropical peat fire;1
 Tropical forest;1
 Tropical agriculture;1
 Tropical Peatland;1
 Trees (mathematics);1
 Volatile Organic Compounds (VOCs);1
 Volume electrical resistivity;1
 Tissue culture;1
 Wireless sensor;1
 Zinc;1
 Zigbee;1
 ZigBee networks;1
 Young oil palm;1
 Yield components;1
 Yield;1
 WorldView-2;1
 Work simplification;1
 Work engagement;1
 Wooden buildings;1
 Woodceramics;1
 Wood Density;1
 Wireless telecommunication systems;1
 Wireless sensor technology;1
 Wireless sensor node;1
 Zinc compounds;1
 Zinc oxide;1
 Zirconia;1
 agriculture;1
 antibody specificity;1
 animal;1
 analog digital converter;1
 alternative agriculture;1
 allyl isothiocyanate;1
 air;1
 agricultural production;1
 acidification;1
 agricultural procedures;1
 agricultural modeling;1
 agricultural land;1
 agricultural intensification;1
 agricultural development;1
 acidity;1
 Wireless sensor network (WSNs);1
 Wireless networks;1
 WEB application;1
 Wireless devices;1
 Water table depth;1
 Water supply;1
 Water quality index;1
 Water quality;1
 Water pollution monitoring system;1
 Water management;1
 Water level sensor;1
 Water demand;1
 Water Quality;1
 Waste treatment;1
 Waste tires;1
 Waste tire;1
 Waste cooking oil;1
 Washing;1
 WSN;1
 Water table depths;1
 Water vapor;1
 Water-based drilling fluid;1
 Whole plants;1
 Wireless connection;1
 Wireless communications;1
 Wireless;1
 Wired connection;1
 Wire products;1
 Wide bands;1
 West Malaysia;1
 Water-cooled diesel engines;1
 West Kalimantan;1
 West Africa;1
 Weight;1
 Web services;1
 Waveguides;1
 Watershed scale;1
 Titratable acidity;1
 Tires;1
 Site variations;1
 Solvents;1
 Spectral sensors;1
 Spectral reflectances;1
 Spectral range;1
 Spectral modifications;1
 Spectral measurements;1
 Spectral feature extraction;1
 Spectral characteristics;1
 Specifications;1
 Specification limit;1
 Specific surface area;1
 Specific heat;1
 Specific gravities;1
 Specific capacitance;1
 Sourcesink relationships;1
 Source materials;1
 Spectral signature;1
 Spectrophotometers;1
 Spectrophotometry, Ultraviolet;1
 Staphylococcus aureus;1
 Steam treatment;1
 Statistical tests;1
 Stationary diesel engines;1
 Static deformation;1
 State of the arts;1
 State of the art;1
 Standard deviation;1
 Spectroradiometer;1
 Stand-alone devices;1
 Spur-pruning;1
 Split tensile strengths;1
 Spirituality;1
 Spectrum Analysis;1
 Spectroscopic analysis;1
 Somatic embryogenesis;1
 Solvent extracts;1
 Stiction;1
 Solvent extraction;1
 Soil fertility sensor;1
 Soil conservation;1
 Soil EC;1
 Software use;1
 Software development;1
 Software design;1
 Software;1
 Sodium hydroxide;1
 Socio-economic development;1
 Social robots;1
 Smartphones;1
 Smartphone;1
 Smallholder;1
 Six sigma;1
 Six Sigma;1
 Soil moisture sensor;1
 Soil nutrients;1
 Soil respiration;1
 Solid state bioconversions;1
 Soluble solids content;1
 Solid-state sensors;1
 Solid-state reaction techniques;1
 Solid wastes;1
 Solid state reactions;1
 Solid state radio frequency (RF) power amplifiers;1
 Solenoids;1
 Soil surfaces;1
 Solenoid valves;1
 Solar-powered;1
 Soils;1
 Soil water depletion;1
 Soil types;1
 Soil testing;1
 Sterilization process;1
 Stochastic frontier;1
 Tire pre treatement;1
 Technological development;1
 Textures;1
 Texture sensor;1
 Texture measurement;1
 Textiles;1
 Test components;1
 Tensile strength;1
 Tensile properties;1
 Temperature values;1
 Temperature sensors;1
 Temperature sensor;1
 Temperature monitoring;1
 Temperature limits;1
 Temperature data;1
 Temperature control;1
 Teleoperated;1
 Thermal barrier;1
 Thermal behavior;1
 Thermal efficiency;1
 Three categories;1
 Timor;1
 Time-resolved Reflectance Spectroscopy;1
 Time lag;1
 Throughfall;1
 Three-dimensional deformation;1
 Three dimensional;1
 ThingSpeak;1
 Thermal gradient;1
 Thiault index;1
 Thermogravimetric analysis;1
 Thermodynamics;1
 Thermodynamic properties;1
 Thermal pollution;1
 Thermal gradients;1
 Telecommunication systems;1
 Tanks (containers);1
 Stomata;1
 Tactile sensor;1
 Sugar production;1
 Sugar content;1
 Sugar;1
 Study design;1
 Structural concretes;1
 Stress strain behaviours;1
 Stress coefficient;1
 Strength of materials;1
 Streamflow;1
 Stream flow;1
 Strain measurement;1
 Storage time;1
 Storage life;1
 Storage;1
 Stone fruit;1
 Sugar yield;1
 Sugars;1
 Sulfur;1
 Sustainable farming system;1
 TPA;1
 THz waveguide;1
 TGA;1
 Systematic (CO);1
 System design and development;1
 Switches;1
 Sustainable Development;1
 Supercapacitor;1
 Surface temperatures;1
 Surface properties;1
 Surface measurement;1
 Surface acoustic wave;1
 Supplementation;1
 Supercapacitor application;1
 (Hi-Bi) waveguide;1
